Workbook

Sheet Read Me
B2: SIMANCAS CAPITAL | LORENZO FRASCOLLA
B3: The Silicon-Power Gap
B4: Appendix B: Data and Reproducibility
B6: ABOUT THIS APPENDIX
B7: Scope | C7: Supporting workbook for Section I.C (the correlated-constraint moat) and the GOES supply claim.
B8: Purpose | C8: Makes the Section I.C quantitative claims auditable: the constraint-correlation result, the principal-component summary, the energization-delay simulation, and the AI share of grain-oriented electrical steel (GOES) demand growth.
B9: Method | C9: Five constraint series are built from cited public anchors (2018-2025). Correlations are computed on YEAR-OVER-YEAR CHANGES, not levels, to strip the common upward trend that would otherwise inflate every pairwise correlation toward 1. The correlation cells are live =CORREL() formulas. PCA eigenvalues are computed by eigen-decomposition of that matrix (numpy.linalg.eigh; values shown with a note). The delay simulation is a Monte Carlo (method noted on its tab). The GOES bridge is fully formula-driven from assumption cells.
B10: Result 1 | C10: The manufacturing-supply cluster (transformer lead time, GOES tightness, HV winding labor) co-moves: average pairwise rho ~0.70 on YoY changes, strongest pair (GOES-labor) ~0.83, and a single component explains ~80% of its variance. This supports the I.C moat.
B11: Result 2 | C11: Interconnection-queue time and NEPA review time are governed by SEPARATE dynamics. NEPA review time fell over 2018-2025 while the supply constraints rose, so NEPA is negatively correlated with them and is NOT part of the latent supply factor. The original text overstated this by bundling all five.
B12: Result 3 | C12: Assuming the constraints are independent understates the 95th-percentile energization delay by ~0.3-0.4 years, not 3.4 years. The larger figure is not supported and is corrected in the paper.
B13: Result 4 | C13: AI data-center transformers absorb ~35-40% of the annual GROWTH in GOES demand (range ~20-50% across reasonable inputs), not 42% of total or of installed supply. The claim is reframed accordingly.
B14: Caveats | C14: Annual anchors are interpolated/estimated where only range data exist; the GOES and labor series are tightness proxies, not audited price indices. Treat the exact coefficients as defensible magnitudes, not precise measurements. Sources are listed on each tab.
B16: CONTENTS
B17: Constraint Data | C17: Five constraint series, 2018-2025, in levels and as year-over-year changes, with sources.
B18: Correlation | C18: Pairwise correlations of year-over-year changes (live CORREL formulas).
B19: PCA | C19: Share of variance explained by the first principal component of the change-correlation matrix.
B20: Delay Monte Carlo | C20: 95th-percentile energization delay when constraints are correlated vs assumed independent.
B21: GOES Bridge | C21: AI data centers' share of annual growth in grain-oriented electrical steel (GOES) demand.
B23: Lorenzo Frascolla | Simancas Capital

Sheet Constraint Data
A1: Constraint Data Five constraint series, 2018-2025, in levels and as year-over-year changes, with sources. | G1: Contents
A4: Year | B4: Interconnect (yrs) | C4: Transformer (mo) | D4: GOES tightness idx | E4: NEPA EIS (yrs) | F4: HV labor idx
A5: 2018 | B5: 3.7 | C5: 21 | D5: 100 | E5: 4.5 | F5: 100
A6: 2019 | B6: 3.9 | C6: 24 | D6: 98 | E6: 4.4 | F6: 103
A7: 2020 | B7: 4.1 | C7: 27 | D7: 96 | E7: 4.3 | F7: 101
A8: 2021 | B8: 4.5 | C8: 31 | D8: 110 | E8: 4 | F8: 108
A9: 2022 | B9: 5 | C9: 36 | D9: 135 | E9: 3.9 | F9: 118
A10: 2023 | B10: 5 | C10: 43 | D10: 150 | E10: 3.8 | F10: 128
A11: 2024 | B11: 4.6 | C11: 50 | D11: 160 | E11: 3.7 | F11: 138
A12: 2025 | B12: 4.8 | C12: 53 | D12: 170 | E12: 3.7 | F12: 145
A15: Year-over-year changes (used for correlation)
A17: Year | B17: Interconnect (yrs) | C17: Transformer (mo) | D17: GOES tightness idx | E17: NEPA EIS (yrs) | F17: HV labor idx
A18: 2019 | B18: =B6-B5 -> 0.2 | C18: =C6-C5 -> 3 | D18: =D6-D5 -> -2 | E18: =E6-E5 -> -0.1 | F18: =F6-F5 -> 3
A19: 2020 | B19: =B7-B6 -> 0.2 | C19: =C7-C6 -> 3 | D19: =D7-D6 -> -2 | E19: =E7-E6 -> -0.1 | F19: =F7-F6 -> -2
A20: 2021 | B20: =B8-B7 -> 0.4 | C20: =C8-C7 -> 4 | D20: =D8-D7 -> 14 | E20: =E8-E7 -> -0.3 | F20: =F8-F7 -> 7
A21: 2022 | B21: =B9-B8 -> 0.5 | C21: =C9-C8 -> 5 | D21: =D9-D8 -> 25 | E21: =E9-E8 -> -0.1 | F21: =F9-F8 -> 10
A22: 2023 | B22: =B10-B9 -> 0 | C22: =C10-C9 -> 7 | D22: =D10-D9 -> 15 | E22: =E10-E9 -> -0.1 | F22: =F10-F9 -> 10
A23: 2024 | B23: =B11-B10 -> -0.4 | C23: =C11-C10 -> 7 | D23: =D11-D10 -> 10 | E23: =E11-E10 -> -0.1 | F23: =F11-F10 -> 10
A24: 2025 | B24: =B12-B11 -> 0.2 | C24: =C12-C11 -> 3 | D24: =D12-D11 -> 10 | E24: =E12-E11 -> 0 | F24: =F12-F11 -> 7
A28: Sources (anchors):
A29: Interconnect: LBNL "Queued Up" 2024/2025, median IR-to-COD ~4-5 yr; 55 months in 2024. https://emp.lbl.gov/queues
A30: Transformer: industry reporting, large power transformer lead times 18-24 mo (2018) to 44-56 mo (2024); GSU ~144 wk (2025). Wood Mackenzie; CWIEME.
A31: GOES tightness idx: proxy from GOES market price/demand reports (global ~2.4 Mt/yr; tightening post-2021). Mordor/Grand View; Fastmarkets.
A32: NEPA: CEQ EIS timelines, mean NOI-to-ROD 4.5 yr (2010-18) to ~3.8 yr (2021-24). https://ceq.doe.gov/nepa-practice/eis-timelines.html
A33: HV labor idx: proxy for high-voltage winding skilled-labor tightness (rising). Author estimate from trade/OEM commentary.

Sheet Correlation
A1: Correlation Pairwise correlations of year-over-year changes (live CORREL formulas). | H1: Contents
B4: Interconnect | C4: Transformer | D4: GOES | E4: NEPA | F4: HV labor
A5: Interconnect | B5: =CORREL('Constraint Data'!B18:B24,'Constraint Data'!B18:B24) -> 1 | C5: =CORREL('Constraint Data'!B18:B24,'Constraint Data'!C18:C24) -> -0.60400417 | D5: =CORREL('Constraint Data'!B18:B24,'Constraint Data'!D18:D24) -> 0.25404363 | E5: =CORREL('Constraint Data'!B18:B24,'Constraint Data'!E18:E24) -> -0.27942673 | F5: =CORREL('Constraint Data'!B18:B24,'Constraint Data'!F18:F24) -> -0.21067441
A6: Transformer | B6: =CORREL('Constraint Data'!C18:C24,'Constraint Data'!B18:B24) -> -0.60400417 | C6: =CORREL('Constraint Data'!C18:C24,'Constraint Data'!C18:C24) -> 1 | D6: =CORREL('Constraint Data'!C18:C24,'Constraint Data'!D18:D24) -> 0.51671177 | E6: =CORREL('Constraint Data'!C18:C24,'Constraint Data'!E18:E24) -> -0.043796787 | F6: =CORREL('Constraint Data'!C18:C24,'Constraint Data'!F18:F24) -> 0.74075463
A7: GOES | B7: =CORREL('Constraint Data'!D18:D24,'Constraint Data'!B18:B24) -> 0.25404363 | C7: =CORREL('Constraint Data'!D18:D24,'Constraint Data'!C18:C24) -> 0.51671177 | D7: =CORREL('Constraint Data'!D18:D24,'Constraint Data'!D18:D24) -> 1 | E7: =CORREL('Constraint Data'!D18:D24,'Constraint Data'!E18:E24) -> -0.15422141 | F7: =CORREL('Constraint Data'!D18:D24,'Constraint Data'!F18:F24) -> 0.83181757
A8: NEPA | B8: =CORREL('Constraint Data'!E18:E24,'Constraint Data'!B18:B24) -> -0.27942673 | C8: =CORREL('Constraint Data'!E18:E24,'Constraint Data'!C18:C24) -> -0.043796787 | D8: =CORREL('Constraint Data'!E18:E24,'Constraint Data'!D18:D24) -> -0.15422141 | E8: =CORREL('Constraint Data'!E18:E24,'Constraint Data'!E18:E24) -> 1 | F8: =CORREL('Constraint Data'!E18:E24,'Constraint Data'!F18:F24) -> -0.023501779
A9: HV labor | B9: =CORREL('Constraint Data'!F18:F24,'Constraint Data'!B18:B24) -> -0.21067441 | C9: =CORREL('Constraint Data'!F18:F24,'Constraint Data'!C18:C24) -> 0.74075463 | D9: =CORREL('Constraint Data'!F18:F24,'Constraint Data'!D18:D24) -> 0.83181757 | E9: =CORREL('Constraint Data'!F18:F24,'Constraint Data'!E18:E24) -> -0.023501779 | F9: =CORREL('Constraint Data'!F18:F24,'Constraint Data'!F18:F24) -> 1
A12: Manufacturing cluster = Transformer, GOES, HV labor. Avg pair rho ~0.70; strongest GOES-labor ~0.83.
A13: NEPA is negatively correlated with the supply constraints (it improved over the period); interconnection is weakly linked.

Sheet PCA
A1: Principal Components Share of variance explained by the first principal component of the change-correlation matrix. | E1: Contents
A3: Computed in Python (numpy.linalg.eigh) on the Correlation tab matrix; recompute if data change.
A5: Set | B5: PC1 variance explained | C5: Note
A6: All five constraints | B6: 49.6% | C6: one common factor, NEPA loads inversely
A7: Four supply-side (ex-NEPA) | B7: 61.9% | C7: interconnection loads weakly
A8: Manufacturing cluster (3) | B8: 80.0% | C8: transformer/GOES/labor as one factor
A11: Manufacturing-cluster PC1 loadings ~ Transformer 0.57, GOES 0.50, HV labor 0.60 (single dominant factor).

Sheet Delay Monte Carlo
A1: Energization-Delay Simulation 95th-percentile energization delay when constraints are correlated vs assumed independent. | D1: Contents
A3: Additive (sequential) stage-delay model; 300,000 draws; correlation from the manufacturing cluster. Computed in Python (numpy).
A5: Metric | B5: Value
A6: p95 delay, correlated (months) | B6: 161.9
A7: p95 delay, independent (months) | B7: 157.8
A8: Understatement if assumed independent (years) | B8: 0.34
A9: Paper's earlier claim (years) | B9: 3.4 (not supported; corrected in the paper)

Sheet GOES Bridge
A1: GOES Demand Bridge AI data centers' share of annual growth in grain-oriented electrical steel (GOES) demand. | E1: Contents
A4: Assumption | B4: Value | C4: Unit | D4: Source / note
A5: Global GOES consumption | B5: 2400 | C5: kt/yr | D5: Market reports (~2.4 Mt/yr)
A6: GOES demand growth (CAGR) | B6: 5.6% | D6: GOES market CAGR ~5-6%
A7: GOES per transformer | B7: 0.28 | C7: t/MVA | D7: 28 t per 100 MVA (paper, Nippon Steel)
A8: New AI data-center capacity, 2026 | B8: 70 | C8: GW | D8: Estimate
A9: Transformer MVA per MW IT | B9: 2.5 | C9: MVA/MW | D9: GSU + substation + step-downs
A11: Annual GOES demand growth (kt) | B11: =B5*B6 -> 134.4
A12: AI transformer GOES demand (kt) | B12: =B8*1000*B9*B7/1000 -> 49
A13: AI share of GOES demand growth | B13: =B12/B11 -> 0.36458333
A16: Sensitivity: AI share of GOES demand growth
A17: GW \ MVA/MW | B17: 2 | C17: 2.5 | D17: 3
A18: 50 | B18: =50*1000*2*$B$7/1000/$B$11 -> 0.20833333 | C18: =50*1000*2.5*$B$7/1000/$B$11 -> 0.26041667 | D18: =50*1000*3*$B$7/1000/$B$11 -> 0.3125
A19: 70 | B19: =70*1000*2*$B$7/1000/$B$11 -> 0.29166667 | C19: =70*1000*2.5*$B$7/1000/$B$11 -> 0.36458333 | D19: =70*1000*3*$B$7/1000/$B$11 -> 0.4375
A20: 90 | B20: =90*1000*2*$B$7/1000/$B$11 -> 0.375 | C20: =90*1000*2.5*$B$7/1000/$B$11 -> 0.46875 | D20: =90*1000*3*$B$7/1000/$B$11 -> 0.5625
